{
  "num_nodes": 6,
  "num_logical_pairs_per_fidelity": 100000,
  "workers": 12,
  "chunks_per_fidelity": 2000,
  "base_seed": 1769405944,
  "two_qubit_gate_fidelity": [
    0.9999,
    0.999859699627681,
    0.9998031580552713,
    0.9997238300186656,
    0.9996125324879543,
    0.9994563816379847,
    0.9992373014140976,
    0.9989299310443068,
    0.9984986892710919,
    0.9978936554576758,
    0.9970447907647971,
    0.9958538304402031,
    0.9941829086706256,
    0.9918385992067482,
    0.9885495243006172,
    0.9839349399614628,
    0.977460660952652,
    0.9683772233983162
  ],
  "F_corrected": [
    0.99997,
    0.99988,
    0.99983,
    0.99975,
    0.99938,
    0.99897,
    0.99785,
    0.99542,
    0.991849918499185,
    0.98415,
    0.9703679257548028,
    0.9436026683468851,
    0.8980323077846948,
    0.8266554450088671,
    0.7161231975079134,
    0.5749258385558514,
    0.4308017094897276,
    0.31691602988077655
  ],
  "one_minus_F_corrected": [
    2.999999999997449e-05,
    0.00012000000000000899,
    0.00017000000000000348,
    0.00024999999999997247,
    0.0006199999999999539,
    0.0010299999999999754,
    0.0021499999999999853,
    0.0045800000000000285,
    0.008150081500814976,
    0.01585000000000003,
    0.029632074245197204,
    0.05639733165311489,
    0.10196769221530522,
    0.17334455499113288,
    0.2838768024920866,
    0.42507416144414856,
    0.5691982905102724,
    0.6830839701192235
  ]
}
