{
  "num_nodes": 2,
  "num_logical_pairs_per_fidelity": 100000,
  "workers": 12,
  "chunks_per_fidelity": 2000,
  "base_seed": 991531856,
  "two_qubit_gate_fidelity": [
    0.9999,
    0.999859699627681,
    0.9998031580552713,
    0.9997238300186656,
    0.9996125324879543,
    0.9994563816379847,
    0.9992373014140976,
    0.9989299310443068,
    0.9984986892710919,
    0.9978936554576758,
    0.9970447907647971,
    0.9958538304402031,
    0.9941829086706256,
    0.9918385992067482,
    0.9885495243006172,
    0.9839349399614628,
    0.977460660952652,
    0.9683772233983162
  ],
  "F_corrected": [
    1.0,
    0.99999,
    0.99998,
    0.99993,
    0.99996,
    0.99988,
    0.99982,
    0.99961,
    0.99939,
    0.998519970399408,
    0.9972599451989039,
    0.99437960657246,
    0.9894582078953422,
    0.9795218087234894,
    0.9632483936185119,
    0.9324556037983696,
    0.8792699246380311,
    0.799164749171338
  ],
  "one_minus_F_corrected": [
    0.0,
    9.99999999995449e-06,
    2.0000000000020002e-05,
    7.00000000000145e-05,
    4.0000000000040004e-05,
    0.00012000000000000899,
    0.00017999999999995797,
    0.00039000000000000146,
    0.0006099999999999994,
    0.0014800296005920144,
    0.00274005480109607,
    0.005620393427539949,
    0.010541792104657777,
    0.020478191276510627,
    0.03675160638148811,
    0.06754439620163044,
    0.12073007536196889,
    0.20083525082866205
  ]
}
